{"cameraMode":{"drawMode":0,"name":"Shaded","section":"Shading Mode"},"sceneLighting":true,"audioPlay":false,"sceneViewState":{"showFog":true,"showMaterialUpdate":false,"showSkybox":true,"showFlares":true,"showImageEffects":true,"showParticleSystems":true},"in2DMode":false,"pivot":{"x":0.2766000032424927,"y":0.08208823204040528,"z":-0.7701261043548584},"rotation":{"x":-0.32245975732803347,"y":0.21793785691261292,"z":-0.07655604928731919,"w":-0.9179694652557373},"size":5.077096462249756,"orthographic":false}